CustomerID,CLV_Target
17850,0.0
13047,555.53
12583,2354.4
13748,367.4
15100,0.0
15291,1362.03
14688,1118.46
17809,2555.2
15311,14460.56
16098,293.14
18074,0.0
17420,207.32
16029,14868.32
16250,0.0
12431,1612.88
17511,27507.59
13705,0.0
13747,0.0
13408,9300.34
13767,6658.01
17924,2460.3
13448,2111.4300000000003
15862,0.0
15513,5829.35
12791,0.0
16218,449.2
14045,0.0
14307,687.83
17908,0.0
17920,1299.63
12838,281.16
13255,0.0
16583,0.0
18085,0.0
13758,839.03
13694,15996.82
15983,326.75
14849,2905.29
17968,0.0
16210,5794.360000000001
17897,0.0
17377,2017.98
16552,0.0
17181,84.39999999999999
17951,599.0400000000001
14729,0.0
12748,17749.44
15012,216.48
12868,0.0
17572,74.55000000000001
14078,0.0
14001,733.94
12662,971.1700000000001
15525,193.76
14237,0.0
17905,181.25
15485,1296.37
12433,4106.77
16955,0.0
15350,0.0
15605,508.05
18144,491.20000000000005
15922,0.0
14594,0.0
15165,0.0
14911,61230.71
16456,457.6
17346,1257.01
17643,0.0
17841,15772.55
17873,272.04
13093,0.0
12921,5886.32
13468,1168.5
17760,115.05
16928,643.35
16048,0.0
16274,0.0
14496,0.0
14696,319.87
16539,0.0
17025,196.8
13777,11100.17
17690,1231.27
12947,0.0
17460,159.85000000000002
18229,2412.84
14142,0.0
17069,1213.91
13065,0.0
14606,2311.17
16835,0.0
15235,0.0
13576,2200.13
18011,0.0
13090,3643.42
15694,2301.94
14741,535.38
13715,0.0
17732,0.0
12855,0.0
15752,1013.75
17855,0.0
14047,321.54
17925,0.0
13941,2281.7000000000003
17017,2043.96
14135,1057.09
13108,0.0
15601,1191.1
13418,1785.3
15658,0.0
14388,1377.73
14901,599.17
18041,1099.26
15955,1952.6100000000001
15070,0.0
16244,0.0
15111,1278.98
14390,3051.86
16546,0.0
15260,0.0
13305,701.95
14491,0.0
14060,1740.16
15923,0.0
16752,0.0
17287,346.65
15363,0.0
12915,0.0
15544,446.02
15738,1254.01
17381,2498.52
15827,237.93
14180,638.4
13117,143.14
16916,365.98
17964,201.45
14466,691.9499999999999
17235,208.16
16510,0.0
17802,652.62
15107,0.0
17976,0.0
14449,485.89
16781,0.0
13491,127.37
16186,1310.41
17685,1643.11
17581,3518.27
15732,0.0
13138,472.94
15823,0.0
17567,1578.43
15061,14063.28
16203,214.6
15640,2392.89
15574,0.0
16770,107.72
17838,940.8
17228,1218.51
14829,165.92
17412,361.84
14031,7152.71
14775,310.44
12971,3023.25
17659,1346.43
15299,1472.0
15646,0.0
13402,0.0
17757,1868.29
13011,0.0
13798,7250.37
16634,0.0
18239,0.0
14576,0.0
18168,0.0
14395,968.6
14865,0.0
15093,569.9200000000001
12738,0.0
16150,644.32
17552,631.89
14236,301.56
17961,116.82
14573,0.0
17135,469.18
17396,2529.0
12967,0.0
12686,0.0
13370,0.0
16883,0.0
13520,676.37
12841,1010.66
16905,1880.72
12427,522.3
17967,0.0
16891,245.41
14589,0.0
14156,31068.82
14680,4557.71
17884,0.0
12557,2990.0
14083,0.0
13013,1133.05
14210,0.0
16477,495.2
12600,662.48
16013,11171.14
17949,6163.92
12779,981.95
16926,0.0
17787,0.0
12682,2916.31
14723,666.71
17954,149.55
17819,236.39999999999998
12712,483.05
15373,383.48
16140,601.04
17198,170.56
17238,1140.91
12793,0.0
15769,10985.0
14396,377.64
14898,278.13
12725,0.0
16725,0.0
12395,1119.06
16455,707.4
13081,9467.26
15545,153.64000000000001
17243,3695.2
15465,1362.49
13089,15133.560000000001
16033,2492.4
13838,0.0
18055,2224.71
15038,188.04000000000002
18109,2203.39
13069,513.14
16241,488.94
14800,499.3
15708,645.91
16839,4884.59
16168,1426.4
16931,1246.1
16814,1285.01
15351,1659.99
13269,2031.1
14813,0.0
12567,2443.12
17062,0.0
15332,0.0
14810,218.55
16353,2755.8
18118,1561.02
13831,747.5999999999999
13506,0.0
17796,75.9
15716,0.0
18156,488.76
16983,1020.65
17059,843.29
16327,1350.63
17211,852.33
17026,0.0
15570,1303.44
15880,0.0
16718,0.0
15808,0.0
17858,735.69
16393,1230.93
14527,2738.78
14161,0.0
17863,1374.72
16411,83.15
16402,0.0
15023,1000.8
17402,614.5999999999999
15426,769.94
12647,836.11
15894,0.0
15867,577.15
12472,1644.51
14506,1141.69
15555,1985.23
13034,476.90999999999997
15889,0.0
15953,833.24
16143,0.0
12720,2084.76
16422,5656.88
12747,988.11
15502,1000.6700000000001
12763,0.0
14081,0.0
17965,711.46
14404,126.79999999999998
13579,302.34
13174,708.76
15987,239.14
17677,3974.7200000000003
13652,456.84000000000003
17428,6180.16
16858,0.0
16161,2178.5
18219,460.27
14293,0.0
14748,296.98
16638,251.01
17674,250.38
12808,202.3
13094,381.6
15899,0.0
12708,681.14
15898,0.0
14443,428.68
17691,0.0
17227,465.57
15039,2092.4
15919,311.61
13497,0.0
15860,310.88
14189,1445.56
15304,202.5
14344,0.0
16719,486.34
15048,59.52
15301,1322.55
14708,0.0
16898,187.26
14825,786.45
18113,0.0
17596,1069.6100000000001
15078,2217.44
14085,290.54
17860,0.0
13155,402.56
15028,326.46
16919,0.0
17259,0.0
17019,262.15
16722,1496.31
15882,0.0
14667,3746.38
16710,632.91
15984,243.2
14487,1040.3799999999999
17682,574.98
16658,0.0
16550,0.0
17068,1270.65
15356,486.86
17223,0.0
16817,207.99
13030,350.08
17191,917.98
15194,2440.36
14409,115.72
16654,0.0
13495,659.8
17519,356.02
17218,899.7
17812,506.51
14215,691.45
15602,574.08
17320,0.0
12913,1082.14
17869,0.0
13564,0.0
13963,0.0
17450,58700.87
17091,1382.55
17470,308.6
17616,0.0
15649,0.0
12681,3920.96
14907,1092.92
17735,1996.43
16059,508.56
17720,308.34
15018,204.87
15838,13103.18
14733,541.71
13756,1784.7800000000002
14176,0.0
15353,0.0
18119,0.0
17491,1455.66
14282,876.2
13569,228.8
14673,693.8100000000001
13488,2371.93
16221,545.49
15002,0.0
15965,652.68
15024,511.3
17675,5050.51
13769,748.35
16904,371.18
16086,534.33
13786,0.0
13880,1539.01
13173,0.0
15858,611.35
15180,0.0
12347,1294.32
14739,2059.7
16293,1119.25
17419,1566.57
16775,516.96
16306,0.0
16950,400.15
17591,362.8
12839,2155.22
13807,0.0
16125,0.0
15081,256.75
18102,114886.53
16365,677.86
17870,1014.47
14821,0.0
16863,338.55
13078,4871.71
13267,1419.35
13050,1327.12
12709,3267.41
15628,1353.74
12386,0.0
16779,3277.93
13599,2516.4
13329,484.79999999999995
18077,706.73
14744,171.95
17406,0.0
15750,1014.48
13983,632.37
13842,1220.35
14796,1831.5900000000001
12441,0.0
13199,4621.46
14032,947.1
17706,1701.15
16081,1807.05
16525,2707.18
17975,532.8100000000001
16122,134.16
13126,652.78
15973,0.0
16558,3377.12
16893,0.0
15021,549.57
15529,1575.37
15498,3325.09
18043,107.7
16016,533.84
17722,323.16
17324,284.25
17341,0.0
14051,4959.75
16233,210.18
16385,281.04
15032,0.0
16713,2940.01
17213,1001.22
18061,325.9
15916,655.91
15221,0.0
13455,365.4
13113,1119.7
14217,825.5
17262,298.0
18259,1962.3000000000002
17676,292.74
16679,0.0
18269,0.0
12766,1319.01
15298,1720.48
13523,1595.64
15005,1981.14
15581,0.0
15680,542.82
13649,0.0
17894,251.96
13270,0.0
14866,13226.0
13077,0.0
13531,0.0
13140,0.0
15713,0.0
17999,190.05
15347,0.0
14766,519.53
17340,4759.64
13984,101.18
15996,152.82
14030,701.34
16596,129.5
16700,696.79
16011,1243.51
17655,735.61
16717,2706.92
14243,490.57
12963,1226.18
15079,0.0
14437,0.0
12942,0.0
15660,716.52
18092,2654.94
15358,1877.33
13319,3639.38
12481,1494.56
12621,2306.43
14299,1238.96
18071,0.0
12683,1461.21
13854,1662.08
12797,0.0
16782,637.5500000000001
13369,0.0
12494,377.24
17857,8472.52
14932,0.0
12429,0.0
14987,163.2
14355,0.0
17526,0.0
14896,0.0
14440,554.72
13240,110.04
14479,0.0
16065,0.0
17430,153.16
16520,0.0
15945,0.0
15856,3143.38
13102,960.26
15271,932.96
13982,641.67
15288,300.15999999999997
17978,0.0
16795,0.0
16519,111.38
17816,15.25
16255,822.16
17671,474.16
17646,0.0
12872,0.0
17339,183.36
17097,170.74
15192,0.0
15380,722.4
17950,219.03
12826,513.5
17456,0.0
15811,444.82
13327,889.02
18225,2443.9
15211,511.34000000000003
15596,0.0
16163,0.0
16907,269.77
17576,1038.38
14713,568.5699999999999
14702,1274.8600000000001
13230,169.69
13969,3999.04
17530,786.83
15805,1939.68
12471,6229.14
17696,370.12
17076,506.88
17827,0.0
16265,595.08
17880,0.0
13000,0.0
16499,0.0
17790,600.79
12731,7571.66
14419,744.65
14082,0.0
17912,0.0
15723,0.0
16656,2368.8
14037,0.0
14256,0.0
14543,365.23
16062,0.0
18116,163.56
16019,833.99
18178,0.0
18065,537.04
14952,4564.88
13148,917.25
12989,2325.84
14107,866.39
15881,0.0
12785,0.0
16727,0.0
15514,1521.78
13787,202.64
17865,3508.98
17220,1022.05
16565,0.0
16873,1397.32
14062,1423.68
18016,994.8
14448,0.0
15503,0.0
17251,0.0
16923,2826.66
14159,2470.01
14577,213.07
17126,0.0
12753,4808.48
17236,218.4
17372,281.55
16367,633.58
17917,108.32
16010,0.0
17085,0.0
15224,0.0
13668,1075.84
14684,708.07
17188,659.14
15547,1646.78
15998,974.96
14413,0.0
18004,0.0
13959,256.6
16665,0.0
15454,0.0
15044,2482.05
17937,326.4
14608,1073.6
17618,0.0
14505,1636.69
18037,0.0
13198,392.06
12540,4613.37
13225,801.08
15361,0.0
15689,0.0
14290,1537.09
13209,1735.53
13999,1339.8700000000001
14498,675.53
15854,446.25
16701,849.44
16927,0.0
17990,0.0
14544,902.53
17338,1329.6200000000001
17799,910.84
14565,538.8000000000001
16726,581.58
17303,0.0
14639,995.26
17611,953.92
17231,1218.9
17179,0.0
17524,0.0
12476,3624.75
17293,792.9
17890,0.0
17375,0.0
17371,326.26
17969,0.0
14625,0.0
15159,7836.25
13211,984.72
15777,0.0
14525,1395.61
13324,3322.96
13948,0.0
16202,0.0
16442,0.0
18075,654.0
14524,729.96
14961,3137.7
17041,320.6
16458,1155.74
16083,0.0
17194,0.0
14057,1405.98
14871,0.0
13178,1333.74
18044,772.17
16812,0.0
16191,2320.18
12370,739.28
14298,15297.86
17158,568.42
16899,459.25
16531,560.06
17404,9613.32
14415,1458.74
16556,757.42
16805,0.0
16503,0.0
16553,0.0
17739,1720.58
13238,381.88
12829,0.0
13097,1366.71
15392,892.14
13846,201.13
12867,1666.04
14401,931.4
16145,1149.8
17629,676.29
14150,352.46
13496,152.32
13611,517.68
16954,458.58
17454,0.0
17449,772.48
13295,0.0
17230,0.0
15384,0.0
15950,653.33
15512,0.0
17525,0.0
13458,1706.6100000000001
16003,941.47
13092,38.08
13426,1790.8600000000001
15101,0.0
17033,422.04
13221,0.0
14201,226.2
17692,0.0
15822,0.0
16134,334.56
17551,0.0
18050,0.0
14913,310.28000000000003
15641,0.0
13124,1239.86
17214,362.15000000000003
15456,0.0
15062,173.82
12928,926.56
15727,569.67
17980,0.0
15290,3012.92
17752,0.0
15615,3031.89
12577,430.71
17189,0.0
17496,0.0
16607,1080.1299999999999
13317,959.7
13890,866.5
17001,1110.8
15246,0.0
15482,8951.46
13021,1158.48
16037,0.0
14841,920.19
16670,855.93
16985,1885.58
16705,5590.04
14414,359.9
15563,664.8199999999999
12980,0.0
16746,1826.6599999999999
16470,213.64
14878,393.07
16743,352.23
17146,0.0
12877,376.88
15394,417.7
14621,482.59000000000003
15379,0.0
14309,652.64
17288,553.89
14709,1556.6000000000001
15157,0.0
17744,303.06
16316,726.1
15620,678.17
15789,0.0
16560,509.23
13534,1141.3500000000001
17580,0.0
15759,0.0
14373,0.0
18176,0.0
14092,1284.65
15366,496.96999999999997
14735,2011.94
16271,521.21
18223,2301.21
15532,350.24
16816,0.0
16684,25316.08
14334,538.7
16945,1640.29
14643,0.0
15197,306.36
14220,0.0
13874,0.0
18260,0.0
17848,79.6
17392,0.0
12348,310.0
14985,0.0
13004,1870.82
14560,782.97
12931,7281.26
13627,611.47
12551,0.0
12782,0.0
14769,3790.17
15780,0.0
12417,462.85
17315,1733.04
16711,445.56
12726,1141.78
15204,0.0
17888,419.0
17007,314.49
15160,0.0
14016,0.0
13033,0.0
12691,479.5
13869,0.0
14146,1062.11
12705,2705.77
16885,272.46
17913,190.6
12668,882.6800000000001
14472,0.0
17358,0.0
16686,961.23
18245,0.0
17343,0.0
16153,800.69
12377,0.0
14646,84313.7
12944,317.56
15279,0.0
14099,794.25
12721,957.22
13104,382.56
14113,935.02
13027,0.0
15312,130.05
17621,478.12
17090,1101.56
15527,1097.74
18097,0.0
15460,0.0
15034,1633.78
12423,0.0
15208,339.0
16996,415.18
14737,0.0
13029,474.3
12678,7278.72
16270,0.0
13487,166.6
12515,0.0
17400,0.0
17593,985.62
13953,500.0
14533,1130.74
12734,0.0
14532,0.0
12383,0.0
15562,0.0
15587,456.84000000000003
13922,0.0
13817,254.28
12585,0.0
13165,666.8399999999999
13304,0.0
13313,636.98
16875,957.33
16282,0.0
12957,1333.35
14462,469.92
13397,315.94
13680,692.45
12483,1170.3700000000001
15164,461.35
17457,0.0
14732,620.08
14221,815.79
14553,381.95
13253,0.0
15841,610.8000000000001
16112,0.0
13629,2895.0
16600,335.74
15661,0.0
16532,2232.0
15266,0.0
14653,887.01
16771,590.86
17585,0.0
15046,952.28
13082,0.0
15464,0.0
18226,977.02
18062,0.0
12415,22653.170000000002
17368,294.6
14618,257.4
14258,1912.06
15719,1483.27
13368,0.0
17634,441.31
16676,493.62
18283,665.29
12735,0.0
13764,576.13
13656,0.0
12413,194.20000000000002
14312,757.0
13280,0.0
15845,1185.01
13187,0.0
16567,0.0
14828,0.0
12530,440.63
16551,304.95
16889,0.0
16473,0.0
13750,330.63
12501,0.0
15607,0.0
15139,0.0
12489,0.0
17707,0.0
18198,679.72
12484,868.6700000000001
18179,469.43
17284,158.44
13233,300.88
14889,0.0
12480,1136.6799999999998
14672,0.0
13593,0.0
14867,0.0
13162,0.0
13183,1133.74
17095,780.1999999999999
12939,3591.72
15611,497.4
17114,114.14
15059,329.12
16326,1551.8600000000001
17128,0.0
14761,158.4
17555,284.86
12651,0.0
16735,1202.64
16833,0.0
17800,421.91
16748,605.7
14755,1404.8
16549,3254.54
13565,130.04
15799,402.9
18032,0.0
13451,512.76
14794,147.15
12539,1050.66
16350,739.77
12500,2483.98
18171,546.89
12524,1055.44
17811,2790.03
16850,0.0
14321,630.1
15326,0.0
17849,0.0
14229,785.0699999999999
13107,596.4
16497,1414.99
16303,1324.3
15281,140.37
12736,0.0
13473,181.38
14320,0.0
12393,521.5
17742,0.0
16351,0.0
12601,0.0
13144,0.0
15346,0.0
15370,872.5899999999999
12643,0.0
16034,0.0
17365,2430.55
15189,3902.19
14669,0.0
18095,0.0
15518,317.69
14209,197.10000000000002
16042,736.99
15569,0.0
12728,219.02
13672,0.0
17569,0.0
13784,456.0
12724,542.81
13862,428.06
16791,913.91
16235,202.01999999999998
14270,0.0
12523,772.02
16655,1922.3300000000002
16359,393.36
16554,522.99
12359,2354.3
15939,254.76000000000002
14587,127.61
14715,619.9300000000001
14185,0.0
12437,2016.37
14040,1088.26
12652,0.0
14514,587.09
15171,0.0
14167,172.74
17389,17044.12
17048,0.0
17364,1152.76
13284,0.0
12951,0.0
15835,278.58
18190,0.0
13993,1218.95
14114,0.0
15447,0.0
16315,0.0
14978,394.14
16395,517.76
13614,806.58
13246,123.01
15687,1062.06
12578,1185.85
16493,569.34
12490,2438.86
12672,0.0
13385,0.0
12474,3427.71
15626,393.92
12553,995.67
15213,0.0
14175,2016.31
18106,0.0
15033,780.43
14329,1490.21
16401,1330.16
16206,127.19999999999999
13782,424.07
12924,278.43
16593,74.53
15535,0.0
13700,1019.32
13064,446.34000000000003
13048,460.86
13634,791.39
18069,1030.92
16843,2824.97
17064,398.05
17609,574.53
15673,711.53
12626,1846.48
14976,230.9
12388,1112.32
13527,879.84
15696,1081.16
15316,0.0
12673,0.0
15296,1073.37
17988,55.120000000000005
12820,561.53
13001,612.39
14101,1032.4
14238,0.0
17730,1580.01
13929,0.0
14657,209.28
13859,0.0
18212,0.0
17018,515.1
14242,0.0
12356,58.349999999999994
13898,0.0
16948,0.0
16997,0.0
12527,63.79
15395,0.0
12510,0.0
13263,2237.94
14428,691.58
12665,0.0
12451,3727.7
12422,147.7
17708,0.0
14090,0.0
15606,480.78
13310,314.38
15831,343.53
14916,567.7
17602,3056.18
14572,606.25
13502,102.83999999999999
14784,175.31
15938,0.0
12637,2953.4
17418,296.07
14779,0.0
16321,150.0
15262,0.0
17862,0.0
12402,0.0
17771,130.01
15422,0.0
13008,0.0
14770,0.0
16912,1017.0
15174,0.0
12594,808.32
17504,0.0
16387,0.0
12664,2034.4
16618,1206.3
17277,0.0
14088,24983.92
17094,0.0
14692,0.0
12970,0.0
17306,2507.99
17889,0.0
17714,0.0
12916,0.0
17769,2139.55
14450,0.0
16085,656.47
13659,0.0
15167,0.0
15443,2153.41
14224,0.0
13742,475.3
17673,306.88
12727,1180.3
14068,0.0
13068,179.0
14368,0.0
15497,291.6
12559,0.0
13819,0.0
14501,0.0
14782,0.0
17861,360.65
14439,0.0
18161,847.4300000000001
15820,0.0
18136,183.48000000000002
16660,883.29
12693,0.0
12625,0.0
13396,973.72
15179,751.83
12935,281.58
16730,262.17
14541,146.0
13551,0.0
12421,178.48000000000002
15797,0.0
15052,0.0
14130,0.0
15222,0.0
13615,0.0
13901,214.92000000000002
13158,332.89
14257,373.88
15218,1891.54
15110,619.55
15967,235.78
16757,0.0
13815,1049.61
18008,50.78
14534,1366.73
13703,0.0
15339,316.17
12744,934.26
12854,505.88
16222,0.0
14341,1027.46
13168,346.53000000000003
16943,0.0
17515,67.65
17082,1366.91
14248,0.0
12609,326.12
13002,0.0
16133,3032.65
13049,502.90000000000003
14548,0.0
13405,15.001
16043,97.5
14049,2333.98
15812,0.0
13837,0.0
17118,0.0
14616,0.0
14233,503.62
17075,138.04999999999998
16714,0.0
13098,11117.14
17027,232.33
12591,0.0
17786,163.5
16124,0.0
16409,989.61
13754,0.0
15227,342.58
12997,618.42
16918,545.79
16882,489.41999999999996
14442,0.0
16496,0.0
12764,0.0
17311,828.39
15910,544.92
16949,310.48
14970,472.31
14701,584.66
12645,464.32
12468,0.0
16767,1346.24
14738,556.8000000000001
17540,310.1
14239,965.3100000000001
18125,197.85
13328,0.0
15549,61.58
15864,1522.06
14662,229.09
17180,231.17
15057,0.0
12574,0.0
13330,412.71
13552,977.1600000000001
12853,0.0
13538,389.1
16755,0.0
14133,0.0
16523,3794.6
14659,738.98
13141,987.72
15365,2105.71
13707,0.0
13709,2860.53
17329,279.75
14805,437.15
16897,0.0
15579,132.25
14595,1576.8
13161,0.0
15415,0.0
17431,0.0
17463,648.27
14502,1266.61
12528,274.51
17239,0.0
14426,1596.09
15448,0.0
17314,1021.0
17373,359.62
18145,1837.77
14467,464.56
15144,3085.6
14776,676.08
16403,0.0
16407,597.31
17619,0.0
12778,330.17
17256,0.0
17604,0.0
14006,0.0
13600,0.0
15058,867.78
15240,661.19
17147,741.48
13881,9621.26
16570,1604.33
16612,317.36
17356,0.0
12836,497.83000000000004
14850,0.0
13939,178.34
16745,1283.37
13606,30.119999999999997
13494,0.0
13802,0.0
12929,0.0
16419,0.0
17035,0.0
15203,499.48
16515,639.52
12373,0.0
18202,0.0
12775,221.36
14549,0.0
15981,950.28
16110,642.77
17376,97.35
13110,446.43
16716,0.0
12676,333.34000000000003
15940,0.0
15971,2090.4
14665,1104.04
14457,0.0
15589,0.0
14411,0.0
17560,149.12
15226,0.0
14460,0.0
16156,1361.26
13728,219.12
14127,0.0
16378,0.0
13894,403.77
13824,269.1
18250,0.0
15270,529.2
14188,670.9
18017,179.0
15421,211.0
17446,0.0
12414,0.0
14798,76.34
12990,145.6
12350,0.0
17337,0.0
16405,0.0
17071,1026.6100000000001
13873,0.0
17362,0.0
13394,674.47
12502,1092.35
16333,900.0
16030,0.0
14044,110.71000000000001
13800,0.0
17672,2000.33
12464,431.5
13581,0.0
14540,442.03
13539,315.69
15885,364.35
14497,0.0
17507,0.0
13208,388.83
17334,0.0
13871,2329.01
16938,0.0
12754,0.0
12410,0.0
17929,136.0
14778,0.0
17517,0.0
17226,0.0
13137,2174.53
13725,114.86
13309,675.27
12842,808.26
16109,0.0
17291,0.0
15090,0.0
15199,611.55
13911,143.28
14194,5198.97
14842,1136.21
13584,0.0
17105,0.0
14438,0.0
12956,0.0
15781,134.16
14410,125.09
14600,0.0
17302,474.02
17613,1567.8600000000001
13334,793.73
13955,0.0
17162,251.8
17774,235.54
13809,0.0
15407,306.01
15577,0.0
16332,931.03
14048,0.0
14475,303.68
17859,0.0
12576,654.98
15753,0.0
12599,175.54000000000002
14562,2728.6
16951,0.0
16998,0.0
13133,0.0
17881,0.0
15843,0.0
17083,0.0
15970,0.0
13590,865.54
17537,266.92
12401,0.0
12462,427.48
17843,0.0
13706,0.0
17940,0.0
17686,520.74
14431,0.0
15809,116.56
12561,0.0
14465,0.0
18093,89.64
16027,158.4
12857,0.0
18230,846.88
16425,0.0
16842,0.0
15796,688.19
14555,126.2
15114,1406.55
15133,0.0
17705,637.52
12897,0.0
17512,1033.09
12477,4385.71
15550,0.0
18159,0.0
13875,361.99
15406,258.42
17282,0.0
16434,795.08
17050,568.25
13171,328.06
17472,0.0
17255,183.22
16084,0.0
17667,304.5
12507,0.0
14631,376.90000000000003
13381,1177.98
15236,0.0
13475,0.0
17829,0.0
13717,489.02
13157,868.02
14644,643.26
12993,42.36000000000001
17571,866.12
16979,1064.61
16738,0.0
15122,0.0
13848,0.0
17612,709.58
17348,996.4499999999999
13893,0.0
14035,590.76
13623,188.57
14346,0.0
16431,0.0
12616,457.7
16317,0.0
14935,0.0
16073,0.0
14477,786.6
14760,0.0
14897,570.8199999999999
15810,30.79
16509,0.0
14386,0.0
12455,290.5
14530,904.64
15670,0.0
12653,0.0
16126,2581.07
12823,535.5
12352,944.23
12372,383.12
14944,3392.52
16494,0.0
14959,158.1
16148,0.0
17422,683.19
17175,311.06
18257,774.76
12362,2949.84
13018,2488.85
13718,0.0
15382,3828.59
14754,409.78000000000003
13151,0.0
12654,264.23
13085,0.0
15903,3755.52
15785,663.14
18138,0.0
14379,237.12
14211,1331.21
14371,0.0
13425,0.0
12852,0.0
15228,1162.68
13012,478.83000000000004
16182,1773.65
13489,0.0
12714,0.0
13904,131.52
15755,1219.42
13932,0.0
13799,0.0
13951,0.0
16765,0.0
16566,150.78
12891,0.0
16466,596.33
16115,587.28
14162,0.0
13301,0.0
14803,0.0
13744,263.2
12988,0.0
17323,375.57
12707,0.0
18094,615.0
15129,650.67
17361,224.28
18155,105.06
15321,1588.84
13477,555.03
15065,299.38
16980,0.0
15146,0.0
12365,0.0
13410,458.02
13044,0.0
16441,170.2
16014,132.45000000000002
14520,0.0
17994,0.0
13038,316.70000000000005
17002,500.21
15722,797.76
16349,0.0
16913,0.0
17442,658.11
14895,4131.38
18114,0.0
15303,0.0
12845,0.0
18188,1574.44
16045,0.0
16573,370.98
13421,1008.67
18196,235.85
13285,739.02
13184,196.85
18151,0.0
13804,1233.28
17499,0.0
15397,0.0
14276,399.34
13453,0.0
18172,2232.36
16394,622.24
17711,164.57
13865,118.22
16940,1181.52
14289,0.0
16208,166.67000000000002
17063,789.27
13149,543.4399999999999
18068,0.0
15932,309.7
16692,0.0
17171,0.0
18231,0.0
14004,1620.3799999999999
17139,3798.95
14513,0.0
15974,895.02
17830,0.0
12565,0.0
12582,0.0
14231,0.0
17867,200.39000000000001
14880,342.92
13118,398.11
15121,162.57
17117,0.0
12945,0.0
18056,0.0
16072,0.0
16838,0.0
15543,0.0
13751,0.0
15847,208.59
13851,1298.18
13501,0.0
12633,215.23000000000002
13345,0.0
13870,438.72
17034,603.72
16592,981.19
15712,99.6
13362,756.11
14470,163.55
17388,306.53000000000003
16841,308.76
13753,0.0
13666,20.6
12361,0.0
14481,0.0
13792,120.95
17663,786.38
13973,0.0
15990,390.74
13493,0.0
13684,0.0
13261,0.0
16598,0.0
14147,300.6
15951,0.0
13971,772.36
17516,159.23
13630,438.32
14157,155.71
13636,302.57
13610,317.57
14745,0.0
12781,277.48
14036,0.0
16057,1203.58
16992,943.16
15724,0.0
12458,505.48
12598,1274.85
13675,0.0
14227,951.44
16668,40.2
16667,366.78
13509,216.6
15874,2198.13
16187,2310.12
16339,0.0
12509,0.0
14046,0.0
13292,329.37
16427,0.0
14056,2393.72
15656,184.87
12811,0.0
16518,293.62
17165,0.0
17462,212.28
14620,0.0
14740,0.0
16462,68.0
12428,408.34000000000003
16078,0.0
16915,129.61
15676,2537.96
15709,0.0
15241,411.58000000000004
12933,250.04
15092,0.0
12679,206.64000000000001
15319,0.0
16212,192.19
15257,0.0
14656,0.0
13884,344.25
12866,0.0
14676,857.32
13166,0.0
16389,654.3
14292,1868.4
15416,839.99
15733,0.0
16678,955.7099999999999
12834,0.0
13722,0.0
14934,1062.1
15067,896.71
16128,1185.52
17770,0.0
15622,1107.56
14473,149.34
15104,0.0
15643,0.0
16792,0.0
15031,230.82
15636,418.06
12873,0.0
17923,0.0
16217,0.0
17738,307.56
17426,1001.36
16957,0.0
16571,524.9
14483,0.0
15087,0.0
16709,1045.28
17856,0.0
15053,0.0
18218,0.0
16159,0.0
17995,0.0
17374,0.0
17789,0.0
17416,1598.93
17652,2154.15
13476,0.0
12817,0.0
17700,1409.07
15393,107.76
13014,1443.8
17508,0.0
13931,859.3199999999999
12541,445.03999999999996
13382,0.0
15220,494.91
14570,0.0
14447,562.2
13557,343.38
16449,0.0
12755,0.0
12547,0.0
17325,0.0
14995,112.67
16414,75.45
15681,722.94
14670,0.0
15675,98.30000000000001
12584,1355.11
17535,0.0
15400,105.0
14903,396.71
14499,440.63
18211,331.37
14504,130.55
15572,785.65
17107,4464.87
14247,0.0
15554,0.0
14915,165.20000000000002
16136,550.08
18280,0.0
12614,0.0
13344,855.54
16621,204.07
16225,142.68
14214,105.22
14012,0.0
16356,0.0
17654,0.0
15026,238.22
16517,0.0
14817,0.0
17092,1144.71
16242,2184.36
15869,0.0
17817,0.0
15834,441.93
15234,0.0
15764,3.35
15806,262.7
15819,319.98
14586,0.0
15944,0.0
13340,1506.94
16917,0.0
14407,0.0
13908,907.94
12758,0.0
13975,994.57
14730,797.25
12623,0.0
14367,3174.59
13373,1256.67
16712,1350.8
17639,0.0
16426,999.07
16495,0.0
14336,500.52000000000004
14507,443.19
12759,448.92
17049,2652.38
15206,367.20000000000005
14013,0.0
14645,0.0
15071,393.4
14112,1014.33
13026,531.12
12881,0.0
17864,354.0
14936,3064.14
17138,0.0
16572,0.0
14165,0.0
15367,461.40999999999997
14291,970.02
15632,933.47
14297,1072.73
13899,90.02
16471,0.0
18183,0.0
14603,0.0
18173,378.0
14854,458.2
16625,0.0
14064,237.31
15308,0.0
18086,0.0
14350,0.0
14930,0.0
16080,86.9
14727,0.0
16778,152.76
14077,189.01999999999998
16808,121.92
16475,0.0
13265,642.0
12520,588.41
15049,0.0
18149,62.400000000000006
13654,993.0600000000001
16652,2248.1
16766,0.0
16801,0.0
17164,1196.93
13226,0.0
13043,0.0
14352,0.0
17351,159.85
16768,191.6
16693,324.45
13956,189.65
13708,0.0
15918,0.0
15671,1322.64
14962,0.0
16807,0.0
15125,733.0
16871,774.52
12901,1127.77
15493,666.46
16005,303.3
15388,0.0
16804,418.94
13499,695.3199999999999
15047,0.0
14193,430.85
17542,0.0
15181,254.48
17080,211.29999999999998
16392,0.0
15106,389.69
16214,0.0
13716,0.0
15150,1721.71
14226,522.7900000000001
13121,0.0
16297,0.0
12994,0.0
16152,0.0
14636,309.66
16040,437.37
15793,658.97
13358,0.0
12849,341.44
15182,0.0
13299,0.0
16383,334.3
15381,0.0
12597,2382.41
15030,365.52
12435,3850.9000000000005
12955,2603.02
18189,457.14
13946,75.6
17716,2219.23
13185,0.0
14840,0.0
13216,0.0
13650,1090.82
13533,0.0
13268,1056.94
15433,0.0
12937,1076.04
16216,0.0
16377,0.0
16976,0.0
12514,0.0
18210,1860.04
13631,52.5
14422,2849.48
15648,0.0
17725,931.96
15861,1858.16
13072,0.0
15695,0.0
14110,2098.09
14059,0.0
16672,1561.2
16511,352.63
16256,0.0
13591,340.9
14066,0.0
15483,0.0
16626,1723.55
15019,0.0
18270,171.20000000000002
14315,930.98
17921,224.76
14041,0.0
17060,0.0
16023,219.12
17133,2413.4500000000003
12878,0.0
14155,0.0
17043,1410.21
13046,346.59
14633,0.0
12948,640.99
15703,0.0
14071,926.18
17134,0.0
17795,0.0
12902,0.0
16444,414.59
14232,474.74
14693,0.0
12407,300.76
16728,499.97
16096,0.0
13985,4139.53
13592,42.45
15140,626.14
12843,9.95
14408,610.0200000000001
15408,0.0
15445,0.0
14205,243.8
15452,291.48
14223,334.54
16619,0.0
14762,0.0
13934,0.0
15669,118.8
16384,175.4
18224,0.0
14245,0.0
17678,0.0
15855,0.0
17204,0.0
16036,570.19
17763,0.0
13262,0.0
17152,0.0
14632,0.0
13900,0.0
14875,0.0
15132,135.70000000000002
17272,739.1899999999999
16135,0.0
12831,0.0
15437,0.0
14711,697.89
14377,0.0
16374,312.53000000000003
13196,1285.65
16809,444.0
15457,0.0
12613,1881.86
16721,0.0
12399,0.0
17733,475.24
17102,0.0
15410,748.1700000000001
13239,0.0
15449,326.82
14870,0.0
13821,0.0
17096,578.19
12604,75.67999999999999
12818,0.0
18191,0.0
14461,0.0
13132,0.0
16859,0.0
15245,0.0
17411,493.36
17486,0.0
12564,0.0
14607,13064.9
13249,419.57
15644,0.0
14075,317.56
17250,0.0
17966,504.0
14129,612.38
15651,418.98
13035,588.88
17644,937.25
13341,0.0
13512,0.0
16620,0.0
17698,0.0
14267,0.0
13736,0.0
12434,519.89
16022,0.0
14235,342.0
16769,0.0
17754,897.96
12408,1396.78
16063,0.0
15178,0.0
14348,0.0
15815,225.9
13695,1118.6
17979,237.87
13139,3354.0
12545,372.24
14758,0.0
14536,0.0
13662,364.82
17946,0.0
13743,153.72
18078,0.0
16780,0.0
18273,102.0
15045,0.0
17625,793.27
13357,0.0
16777,49.1
14476,0.0
13481,443.23
16245,643.96
13266,1298.68
12669,0.0
12792,0.0
17765,0.0
15083,0.0
18010,0.0
15249,1331.43
13760,151.70000000000002
15624,0.0
17749,0.0
15068,313.4
14538,281.75
14851,305.22
14021,0.0
13037,0.0
18177,303.6
14128,331.96
17874,0.0
17719,918.64
14441,1050.35
17931,0.0
13803,0.0
17398,0.0
15906,769.98
16253,1983.46
13439,0.0
12888,0.0
13588,1403.33
12456,915.64
15521,883.22
13720,0.0
15674,1066.94
17594,678.1800000000001
17775,0.0
13988,2224.46
16657,230.37
15424,0.0
13316,2197.75
16788,0.0
16584,324.14
15364,581.39
18108,0.0
14272,305.87
15980,1638.68
15832,0.0
16092,0.0
15528,0.0
16398,0.0
17088,591.9
17438,0.0
13060,0.0
14790,381.02
14890,0.0
16386,241.47
14818,248.17000000000002
13571,1287.79
12909,650.3
12619,1553.78
16698,0.0
16681,437.66
13573,258.48
13883,931.7
14957,0.0
13918,1014.64
17212,0.0
17781,0.0
14886,0.0
13626,0.0
16609,2783.42
16180,0.0
13462,0.0
18263,401.76
16960,305.52
13841,0.0
17701,0.0
12949,717.8000000000001
14852,1202.48
12569,1546.65
13169,207.68
16162,0.0
15691,0.0
14195,0.0
13781,0.0
17758,1974.95
14023,0.0
17669,973.5
16142,0.0
17648,690.11
13059,0.0
16224,429.42
15223,0.0
17886,491.57
13294,0.0
15289,241.8
18185,0.0
17956,0.0
15756,168.12
14747,0.0
14719,687.3
13015,1576.6
16586,0.0
16105,0.0
15442,0.0
16906,166.6
14546,1203.22
14535,1202.03
16170,324.39
15244,333.63
16696,0.0
15145,312.34
17492,0.0
13525,345.9
17409,0.0
17783,171.06
13863,0.0
13515,367.16
15917,0.0
17440,0.0
17045,0.0
17140,0.0
15201,303.28
14964,0.0
16031,242.27
14403,0.0
17042,0.0
13771,1169.6
17906,0.0
18272,604.25
16144,0.0
13731,0.0
12580,0.0
14912,385.06
15530,333.62
13950,565.75
13752,0.0
13892,578.45
14446,520.48
16209,145.72
15754,366.77
13712,0.0
15800,0.0
16469,357.12
13005,0.0
14981,0.0
17928,134.28
16261,318.55
17883,363.8
14619,0.0
13995,521.79
16643,0.0
14246,0.0
18040,118.2
16837,1259.24
15119,0.0
16325,178.22
14924,0.0
15109,0.0
16623,0.0
12999,0.0
12717,0.0
13962,51.95
18036,149.43
14958,0.0
14264,0.0
13562,589.6
15775,0.0
17054,149.01
17268,0.0
13548,397.15
13508,0.0
12447,0.0
13570,0.0
13232,466.9
18129,0.0
13632,1306.67
15665,0.0
17550,0.0
15655,0.0
14286,2578.67
16188,226.83
15214,881.05
17574,0.0
15737,307.19
18080,390.0
14311,0.0
14339,0.0
12982,0.0
12701,460.63
12596,348.32
14273,109.92
13549,156.15
15414,385.3
13203,396.38
14628,340.38
14326,0.0
13655,0.0
12910,1588.14
13577,865.5
15251,2668.99
14111,445.65
17160,516.85
16172,339.86
17972,0.0
12463,358.99
14844,932.13
17278,0.0
15212,0.0
16729,2209.04
14998,0.0
13484,0.0
16697,0.0
14931,473.28000000000003
18236,241.05
13740,0.0
15230,0.0
15134,773.13
16309,0.0
13544,163.05
14262,1458.53
13134,907.84
17589,561.1
16097,0.0
13122,18.72
16966,282.60999999999996
17746,0.0
16175,300.7
14834,1291.0
16348,677.36
15147,0.0
16131,1228.04
15813,0.0
17058,360.23
17704,0.0
13772,894.21
15935,0.0
16933,0.0
16249,359.3
14198,344.45
13989,369.40999999999997
17930,1046.34
14154,0.0
14206,0.0
14482,1784.71
14163,786.52
14105,0.0
17601,0.0
17142,0.0
13811,0.0
12457,1295.98
15135,0.0
16806,0.0
13952,0.0
13120,0.0
12769,0.0
13516,1243.41
14323,0.0
18079,1406.97
12639,0.0
14700,654.0
15027,99.18
17367,0.0
18213,0.0
17029,0.0
13220,92.8
15985,0.0
16193,0.0
15172,361.21
13692,616.74
15745,791.74
17582,0.0
13474,0.0
17697,0.0
16639,786.36
16947,0.0
15491,299.16
16617,0.0
15265,0.0
16226,0.0
18009,0.0
16399,229.61
14623,280.54
15625,0.0
18064,0.0
15508,0.0
16628,568.21
13647,472.04
15594,1503.87
13479,0.0
13376,249.76
15717,0.0
13735,1473.85
13719,702.9399999999999
16633,1714.84
13101,0.0
15225,0.0
14152,306.78000000000003
12733,0.0
15436,583.65
17217,0.0
12656,1230.5
17734,160.42
14905,0.0
17548,0.0
14148,0.0
16103,256.74
14626,1219.98
14868,1266.43
18246,363.2
13485,0.0
15517,0.0
17115,0.0
17120,0.0
15912,0.0
12506,0.0
12670,1969.66
17588,0.0
14759,0.0
16185,194.41
13505,1810.51
13389,540.07
12354,0.0
17631,0.0
17061,573.4
17718,0.0
17630,0.0
13223,0.0
16146,0.0
17109,416.7
16587,0.0
12622,0.0
16750,207.81
13482,0.0
14512,0.0
17670,0.0
16834,0.0
15108,0.0
16942,465.55
14640,624.02
16823,0.0
15237,235.07
12573,0.0
17854,0.0
18220,0.0
17436,0.0
16965,0.0
12840,0.0
15891,0.0
17187,0.0
13637,125.65
17991,0.0
16418,485.21000000000004
16099,139.8
15768,0.0
16637,623.92
14240,663.49
15143,0.0
13229,0.0
14973,0.0
14271,0.0
15952,472.71
16227,0.0
17893,0.0
14022,0.0
15210,0.0
16370,357.42
14304,0.0
15376,244.34
14655,758.76
17615,0.0
16055,0.0
14149,0.0
17501,0.0
14191,2000.38
13282,359.04
15582,141.4
16230,0.0
18146,0.0
15976,0.0
17443,0.0
12886,603.4
17974,539.92
13524,271.32
17955,0.0
15128,300.76
16610,0.0
17394,0.0
16094,826.13
14173,336.8
16258,1462.45
14948,545.1
17384,108.75
16990,0.0
13762,0.0
12593,0.0
14340,0.0
17429,0.0
13711,0.0
14515,1311.24
16457,0.0
17527,332.75
14199,0.0
13888,0.0
14423,0.0
14697,0.0
17522,0.0
13867,866.24
17624,443.18
14393,0.0
17578,0.0
13450,622.26
17423,248.99
18241,749.77
15668,0.0
16319,0.0
15757,453.06
17174,0.0
13365,1524.77
18227,0.0
14145,891.0
18235,1046.68
13741,305.3
12394,891.4000000000001
16832,0.0
15258,0.0
15552,0.0
18170,324.8
13723,0.0
14005,281.12
15561,350.91999999999996
16121,568.72
18142,0.0
13642,0.0
15117,876.0500000000001
13561,0.0
15704,0.0
16007,966.14
16232,265.84
17410,912.3199999999999
13835,297.23
13427,117.74000000000001
14353,0.0
12700,1476.19
13003,0.0
16756,0.0
13492,0.0
16440,2392.78
18120,0.0
12355,0.0
17723,0.0
14699,0.0
12821,0.0
13055,869.55
13320,551.05
16357,400.93
18242,1538.41
15865,581.2
17597,0.0
14397,1327.76
13242,0.0
12684,724.75
14288,0.0
15063,0.0
12592,205.8
14591,1116.19
13990,0.0
12749,572.59
14691,1674.73
16229,652.4
14920,0.0
17489,168.07999999999998
13404,0.0
15729,0.0
13136,1380.93
16644,0.0
14731,129.0
14277,2558.97
15187,2392.66
13052,0.0
17664,278.45
14649,313.06
12649,0.0
13235,0.0
14883,403.11
12976,0.0
14681,105.0
14421,357.93
16116,0.0
14988,0.0
15489,786.02
14364,0.0
16006,0.0
16184,172.99
17932,397.06
18221,334.75
12590,0.0
14853,261.3
17658,277.82
17764,541.88
14651,238.28
14000,0.0
13601,320.12
12757,2553.57
17970,0.0
12770,0.0
15826,934.3100000000001
15907,0.0
12695,163.1
14342,248.82
14873,0.0
14689,0.0
15440,146.02
16076,1185.95
15333,0.0
16283,743.79
17263,0.0
16877,657.64
12674,993.8000000000001
16642,0.0
12871,248.64
14038,473.96
14489,0.0
14888,0.0
13456,911.6600000000001
17898,52.22
13976,0.0
16139,329.04
15730,653.45
16266,100.77
15123,0.0
17702,485.6
17505,0.0
12690,0.0
16446,0.0
17556,0.0
14583,0.0
16818,1247.17
13572,0.0
14009,0.0
13258,473.96
14463,220.2
13192,447.62
16987,763.67
13417,0.0
17047,351.47
15116,561.7800000000001
17469,820.7
16647,0.0
15630,789.49
17245,0.0
16008,339.63
17871,0.0
13529,126.66000000000001
12620,777.75
15599,312.90999999999997
16813,474.28
14859,1056.88
16463,1103.03
15791,389.45000000000005
13658,1163.47
13887,0.0
12353,0.0
14551,60.8
17166,78.75
17926,0.0
13391,0.0
17455,0.0
13308,570.5600000000001
13856,0.0
13243,0.0
15095,0.0
18048,0.0
18287,1072.0
18150,153.3
16690,139.08
13555,2508.83
16038,0.0
13972,44.349999999999994
13227,0.0
13657,229.8
17176,0.0
14837,303.94
14682,0.0
14921,413.06
16341,1174.22
14647,0.0
12710,358.65999999999997
15292,0.0
15705,0.0
13339,0.0
13885,0.0
12360,1043.78
13546,438.83
17715,0.0
18160,319.51
15434,303.3
15734,0.0
13737,0.0
13213,556.7
18018,0.0
15314,0.0
17521,563.65
15042,0.0
16091,0.0
15804,1800.43
14593,277.56
14287,0.0
16763,0.0
14705,0.0
12562,1522.14
12815,0.0
14522,695.91
16448,0.0
14584,0.0
12974,0.0
12987,254.39999999999998
14816,0.0
15852,0.0
16624,384.14
12493,0.0
18232,92.35000000000001
18073,0.0
16369,1190.96
14280,0.0
17345,394.31
16275,0.0
14338,0.0
15402,0.0
12876,1491.5900000000001
16323,0.0
12426,0.0
14451,283.9
14823,0.0
15897,0.0
17051,0.0
15925,0.0
12787,186.56
15863,59.64
16483,0.0
13398,0.0
13070,0.0
14819,187.35
12790,0.0
15163,149.47
18204,616.48
16810,0.0
15124,93.44
12473,1778.9
16969,171.45
14597,701.14
13917,206.66
16424,0.0
13062,0.0
16484,0.0
14389,732.32
15184,166.97
18135,572.09
14453,0.0
17900,0.0
13437,1383.81
12517,960.15
16529,0.0
17531,0.0
16239,66.3
14500,21.0
16117,0.0
13248,0.0
16967,0.0
15405,0.0
16659,0.0
16880,650.42
13435,2279.4700000000003
13131,748.4
14891,0.0
16682,290.84
15453,757.13
16963,0.0
13682,0.0
15152,1957.01
15462,64.8
12449,2430.41
15349,0.0
16849,0.0
12802,0.0
15073,0.0
16298,483.90000000000003
12535,344.9
18248,0.0
15386,0.0
16611,0.0
17252,0.0
14542,0.0
16825,456.48
12380,2117.26
18072,0.0
13643,431.54
15969,222.4
13283,68.16
17015,1318.06
14375,0.0
17124,0.0
17987,0.0
13395,0.0
17828,288.43
15743,341.91
17414,0.0
14622,0.0
15609,0.0
14561,513.77
16872,215.33999999999997
16358,1132.19
15238,646.85
13115,1416.23
13466,0.0
17360,247.34
13510,864.38
12406,1794.05
16892,280.29
14241,0.0
14132,1718.44
14963,931.62
17169,527.1
15252,440.23
17731,276.37
16113,0.0
12694,430.16999999999996
16107,1710.04
17483,139.3
15679,521.02
13686,0.0
16581,0.0
15267,309.6
17234,0.0
17797,508.02
16614,0.0
12409,4865.59
15411,966.72
14178,884.97
15098,0.0
18281,0.0
14984,100.14
12516,728.86
17265,0.0
13617,178.48
17242,0.0
17289,766.57
16018,247.0
14704,1286.46
16794,490.03999999999996
13761,578.9399999999999
13517,516.24
13936,0.0
16342,38.7
14177,441.33
12732,0.0
16205,645.28
15036,217.07
13589,232.65
17579,0.0
15069,0.0
17349,0.0
13080,0.0
13663,0.0
14503,2175.32
16774,119.32
13384,2396.09
17101,1391.15
14997,390.91999999999996
17155,108.39999999999999
12809,0.0
16461,0.0
13343,0.0
12624,0.0
18165,0.0
17536,0.0
16324,0.0
17651,2796.99
14222,0.0
15585,0.0
17490,1016.02
16739,0.0
16276,0.0
17193,1250.74
16257,0.0
16279,1143.7
14285,1904.1100000000001
17642,0.0
12816,253.55
13826,0.0
13575,513.32
17157,0.0
16852,31.85
15219,0.0
15014,139.94
14765,158.61
16869,429.44
15909,0.0
13618,0.0
16050,0.0
17879,0.0
17562,461.28000000000003
15334,0.0
12450,0.0
13568,0.0
14820,367.52000000000004
16744,1051.17
15700,0.0
17299,388.42
12837,0.0
15076,0.0
17444,0.0
15921,0.0
15747,421.27
15840,113.82
15016,0.0
14808,884.78
12904,251.37
15825,0.0
12432,1042.66
15389,0.0
15280,0.0
17159,1010.43
15329,295.7
12830,1144.08
15507,0.0
18252,448.37
16526,0.0
17695,0.0
12930,194.24
14960,0.0
12444,2378.19
17960,0.0
15412,0.0
12798,0.0
13849,944.37
16114,0.0
13420,0.0
13780,0.0
17877,0.0
16247,0.0
15041,0.0
12379,392.4
16287,0.0
12919,605.64
15130,0.0
12704,1041.16
17370,335.48
17709,0.0
15253,744.35
13300,0.0
17759,652.81
12465,301.25
12412,336.14
12697,223.68
13937,0.0
12615,1233.6
15850,118.72
15186,182.15
13791,0.0
14795,0.0
17768,893.62
18112,156.05
12548,0.0
17386,155.94000000000003
14104,0.0
17110,0.0
18193,0.0
13895,1655.77
16545,0.0
16671,309.39
14351,0.0
17391,0.0
16824,237.74
17750,594.45
16200,0.0
17997,693.95
14383,1005.6
13461,560.8
17408,0.0
15537,0.0
14327,0.0
17837,1164.72
12424,0.0
15578,0.0
15584,570.46
13745,0.0
16498,0.0
17891,0.0
17123,0.0
16866,0.0
13730,0.0
16589,244.56
12922,0.0
16009,530.52
14053,0.0
17939,0.0
17312,0.0
13833,0.0
17899,0.0
15007,0.0
17464,0.0
18265,312.96
16861,102.96
16344,0.0
13338,0.0
17024,64.6
13414,0.0
14034,174.98
18203,0.0
16616,290.32
16338,0.0
17046,0.0
13109,416.69
16829,0.0
13217,0.0
14002,0.0
12977,0.0
13291,0.0
13583,0.0
16929,660.57
17892,102.0
15505,1519.82
14459,0.0
18013,0.0
13681,624.37
13699,0.0
14493,1256.32
13486,302.8
13302,0.0
16012,283.17
12635,1005.54
17031,154.4
12461,200.0
12648,0.0
18121,0.0
15901,241.24
14918,0.0
15920,0.0
17353,0.0
18024,0.0
15467,0.0
16174,0.0
13678,0.0
14690,142.49
13058,223.85
14552,0.0
12556,290.81
13224,943.69
16989,235.95
12358,0.0
13207,52.74
18122,1249.51
12722,67.98
17405,489.70000000000005
13311,0.0
15051,1005.62
15895,0.0
15795,0.0
13669,170.39999999999998
16450,0.0
13667,0.0
14400,0.0
12405,0.0
14847,0.0
14862,537.1
16488,144.23000000000002
15256,0.0
14716,125.78999999999999
13933,0.0
14857,650.6
15306,829.73
15839,749.31
13994,1738.48
17554,464.26
14332,721.17
17266,0.0
17948,0.0
15004,0.0
14722,0.0
13507,386.32
13967,0.0
16054,0.0
12833,0.0
16474,1348.19
17984,0.0
12589,515.18
16762,893.09
13940,448.08000000000004
14029,302.46
14117,0.0
13167,373.78
17779,327.23
13991,726.53
18101,112.17
12875,0.0
13827,109.04
12560,0.0
16764,1896.82
18180,931.17
12521,0.0
17866,0.0
17229,161.05
14456,1997.67
16464,918.33
17962,0.0
16149,0.0
14259,0.0
18143,0.0
17935,0.0
14517,78.0
17694,0.0
17660,0.0
16041,0.0
15623,0.0
15829,310.7
15232,0.0
12438,2016.78
12627,2569.96
13079,166.3
18262,0.0
13563,216.65
15506,763.31
16305,0.0
12864,0.0
17724,659.9
17703,307.78
13116,0.0
14019,1037.32
17649,0.0
16178,0.0
17040,0.0
14100,0.0
16557,180.7
13296,0.0
13814,961.5799999999999
16364,359.49
17693,0.0
15372,0.0
15618,554.02
13930,127.33999999999999
13379,436.27
13194,0.0
16447,0.0
14305,810.51
12397,1195.09
14331,0.0
15261,0.0
15105,1765.95
13813,981.72
14855,0.0
13925,182.2
18237,294.76
12453,0.0
15639,0.0
15746,0.0
18268,0.0
15942,0.0
14143,0.0
15120,0.0
16147,0.0
13277,132.5
18127,207.48
15149,0.0
18081,135.4
14511,1176.65
12716,0.0
15776,0.0
12981,185.04
13106,0.0
13928,239.12
14885,0.0
13388,0.0
15438,0.0
17173,2248.14
17941,0.0
14947,112.32
17053,0.0
12534,0.0
12844,151.08
14567,729.6
14937,862.3199999999999
12828,323.11
16984,1246.33
13023,353.5
17553,0.0
13075,0.0
15342,0.0
12644,0.0
12378,0.0
17788,1101.2
13850,0.0
14076,0.0
13805,424.36
17887,0.0
13186,587.5500000000001
12750,0.0
15374,0.0
17656,747.04
16102,1002.38
15089,743.61
14972,0.0
17514,0.0
12917,0.0
12689,736.5799999999999
14768,59.400000000000006
17584,0.0
15254,0.0
18099,0.0
15205,176.94
13218,0.0
17267,0.0
13145,204.72
16302,0.0
13513,0.0
14720,245.32999999999998
18282,0.0
12610,843.29
13200,550.77
14079,0.0
17298,0.0
14024,0.0
16066,1204.66
15198,86.0
12865,586.85
12885,529.87
17331,0.0
13016,364.64
13500,840.37
15247,0.0
13355,0.0
16053,330.16
13919,171.66
12384,292.58
16292,0.0
12571,271.26
14116,1062.77
14495,83.2
15494,160.7
15608,808.0
17248,0.0
17653,1044.32
17633,676.23
13645,0.0
15469,234.25
13307,0.0
12381,429.56
17122,0.0
14406,0.0
15683,0.0
14301,0.0
14658,0.0
13621,0.0
16272,0.0
17958,0.0
16836,160.55
16961,0.0
16902,0.0
15706,610.51
15480,0.0
15315,336.96
15653,0.0
13159,303.7
13189,133.68
17637,208.11
12641,0.0
13470,49.5
15786,1771.36
15541,0.0
16734,344.35
16706,239.82
17070,0.0
12688,0.0
12729,0.0
12962,0.0
13273,0.0
17736,39.95
15472,0.0
12680,301.58
16582,0.0
17747,0.0
12513,0.0
15396,0.0
12418,0.0
16828,15.0
14712,801.35
12991,200.2
14772,0.0
12364,378.86
12968,0.0
16330,202.95
14566,0.0
15701,356.16
12518,1392.92
14529,443.37
16536,0.0
15313,0.0
15801,926.73
16201,1050.27
16555,133.91
16952,0.0
14387,1286.84
17073,992.3
18147,80.46
14523,0.0
14418,889.46
12642,646.81
16968,0.0
16723,0.0
13411,0.0
16340,0.0
13236,305.62
14196,0.0
15263,0.0
14314,0.0
16093,0.0
17844,0.0
14687,0.0
14050,260.38
16429,0.0
14055,0.0
12715,0.0
15663,0.0
18200,0.0
18167,886.3800000000001
13644,1773.17
17451,1081.21
16641,0.0
13812,260.26
14141,403.62
15074,0.0
12492,136.82
17183,2303.86
15325,0.0
13778,0.0
14869,0.0
14096,45940.659999999996
14108,306.58
12814,0.0
15866,0.0
